<?xml version="1.0" encoding="UTF-8"?>
<export version="D">
  <design>
    <source>E:\Documentos\KiCad\firefly_dsi_to_lvds_bridge\dsi_to_lvds_bridge.sch</source>
    <date>3/7/2017 2:21:37 PM</date>
    <tool>Eeschema 4.0.6</tool>
    <sheet number="1" name="/" tstamps="/">
      <title_block>
        <title/>
        <company/>
        <rev/>
        <date/>
        <source>dsi_to_lvds_bridge.sch</source>
        <comment number="1" value=""/>
        <comment number="2" value=""/>
        <comment number="3" value=""/>
        <comment number="4" value=""/>
      </title_block>
    </sheet>
    <sheet number="2" name="/DSI Input/" tstamps="/5954EFC1/">
      <title_block>
        <title/>
        <company/>
        <rev/>
        <date/>
        <source>dsi_input.sch</source>
        <comment number="1" value=""/>
        <comment number="2" value=""/>
        <comment number="3" value=""/>
        <comment number="4" value=""/>
      </title_block>
    </sheet>
    <sheet number="3" name="/LVDS Output/" tstamps="/59554D4A/">
      <title_block>
        <title/>
        <company/>
        <rev/>
        <date/>
        <source>lvds_output.sch</source>
        <comment number="1" value=""/>
        <comment number="2" value=""/>
        <comment number="3" value=""/>
        <comment number="4" value=""/>
      </title_block>
    </sheet>
  </design>
  <components>
    <comp ref="U1">
      <value>SN65DSI85-Q1</value>
      <footprint>Housings_QFP:HTQFP-64_1EP_10x10mm_Pitch0.5mm_ThermalPad</footprint>
      <libsource lib="texas_instruments" part="SN65DSI85-Q1"/>
      <sheetpath names="/" tstamps="/"/>
      <tstamp>59526B93</tstamp>
    </comp>
    <comp ref="C9">
      <value>1µF</value>
      <footprint>Capacitors_SMD:C_0603</footprint>
      <fields>
        <field name="Info">1µF min value</field>
      </fields>
      <libsource lib="device" part="C"/>
      <sheetpath names="/" tstamps="/"/>
      <tstamp>5952771C</tstamp>
    </comp>
    <comp ref="J2">
      <value>EXT_CLK</value>
      <footprint>Pin_Headers:Pin_Header_Straight_1x02_Pitch2.54mm</footprint>
      <libsource lib="conn" part="CONN_01X02"/>
      <sheetpath names="/" tstamps="/"/>
      <tstamp>59527B5F</tstamp>
    </comp>
    <comp ref="J1">
      <value>CLK_SEL</value>
      <footprint>Pin_Headers:Pin_Header_Straight_1x03_Pitch2.54mm</footprint>
      <libsource lib="conn" part="CONN_01X03"/>
      <sheetpath names="/" tstamps="/"/>
      <tstamp>59527BF6</tstamp>
    </comp>
    <comp ref="R6">
      <value>10K</value>
      <footprint>Resistors_SMD:R_0603</footprint>
      <libsource lib="device" part="R"/>
      <sheetpath names="/" tstamps="/"/>
      <tstamp>5952817B</tstamp>
    </comp>
    <comp ref="R3">
      <value>R</value>
      <footprint>Resistors_SMD:R_0603</footprint>
      <libsource lib="device" part="R"/>
      <sheetpath names="/" tstamps="/"/>
      <tstamp>5952875D</tstamp>
    </comp>
    <comp ref="C10">
      <value>220nF</value>
      <footprint>Capacitors_SMD:C_0603</footprint>
      <libsource lib="device" part="C"/>
      <sheetpath names="/" tstamps="/"/>
      <tstamp>5952878E</tstamp>
    </comp>
    <comp ref="R9">
      <value>4.7K</value>
      <footprint>Resistors_SMD:R_0603</footprint>
      <libsource lib="device" part="R"/>
      <sheetpath names="/" tstamps="/"/>
      <tstamp>59529A13</tstamp>
    </comp>
    <comp ref="R1">
      <value>4.7K</value>
      <footprint>Resistors_SMD:R_0603</footprint>
      <libsource lib="device" part="R"/>
      <sheetpath names="/" tstamps="/"/>
      <tstamp>5952A68D</tstamp>
    </comp>
    <comp ref="R2">
      <value>4.7K</value>
      <footprint>Resistors_SMD:R_0603</footprint>
      <libsource lib="device" part="R"/>
      <sheetpath names="/" tstamps="/"/>
      <tstamp>5952A763</tstamp>
    </comp>
    <comp ref="JP1">
      <value>I2C_PULL</value>
      <footprint>Resistors_SMD:R_0603</footprint>
      <libsource lib="device" part="Jumper_NO_Small"/>
      <sheetpath names="/" tstamps="/"/>
      <tstamp>5952A7F7</tstamp>
    </comp>
    <comp ref="FB1">
      <value>220 @ 100MHz</value>
      <footprint>Inductors_SMD:L_0805</footprint>
      <libsource lib="device" part="L"/>
      <sheetpath names="/" tstamps="/"/>
      <tstamp>5952BBC1</tstamp>
    </comp>
    <comp ref="C1">
      <value>10µF</value>
      <footprint>Capacitors_SMD:C_0805</footprint>
      <libsource lib="device" part="C"/>
      <sheetpath names="/" tstamps="/"/>
      <tstamp>5952BDAD</tstamp>
    </comp>
    <comp ref="C2">
      <value>1µF</value>
      <footprint>Capacitors_SMD:C_0603</footprint>
      <libsource lib="device" part="C"/>
      <sheetpath names="/" tstamps="/"/>
      <tstamp>5952BE3D</tstamp>
    </comp>
    <comp ref="C3">
      <value>10nF</value>
      <footprint>Capacitors_SMD:C_0603</footprint>
      <libsource lib="device" part="C"/>
      <sheetpath names="/" tstamps="/"/>
      <tstamp>5952BEA0</tstamp>
    </comp>
    <comp ref="C4">
      <value>100nF</value>
      <footprint>Capacitors_SMD:C_0603</footprint>
      <libsource lib="device" part="C"/>
      <sheetpath names="/" tstamps="/"/>
      <tstamp>5952BF04</tstamp>
    </comp>
    <comp ref="C5">
      <value>10nF</value>
      <footprint>Capacitors_SMD:C_0603</footprint>
      <libsource lib="device" part="C"/>
      <sheetpath names="/" tstamps="/"/>
      <tstamp>5952BF73</tstamp>
    </comp>
    <comp ref="C6">
      <value>100nF</value>
      <footprint>Capacitors_SMD:C_0603</footprint>
      <libsource lib="device" part="C"/>
      <sheetpath names="/" tstamps="/"/>
      <tstamp>5952BFD7</tstamp>
    </comp>
    <comp ref="C7">
      <value>10nF</value>
      <footprint>Capacitors_SMD:C_0603</footprint>
      <libsource lib="device" part="C"/>
      <sheetpath names="/" tstamps="/"/>
      <tstamp>5952C420</tstamp>
    </comp>
    <comp ref="C8">
      <value>100nF</value>
      <footprint>Capacitors_SMD:C_0603</footprint>
      <libsource lib="device" part="C"/>
      <sheetpath names="/" tstamps="/"/>
      <tstamp>5952C426</tstamp>
    </comp>
    <comp ref="U3">
      <value>SN74LVC1G07</value>
      <footprint>TO_SOT_Packages_SMD:SOT-23-5_HandSoldering</footprint>
      <libsource lib="texas_instruments" part="SN74LVC1G07"/>
      <sheetpath names="/" tstamps="/"/>
      <tstamp>5952F5D1</tstamp>
    </comp>
    <comp ref="TP3">
      <value>IRQ</value>
      <footprint>Measurement_Points:Test_Point</footprint>
      <libsource lib="device" part="TEST"/>
      <sheetpath names="/" tstamps="/"/>
      <tstamp>5952FDB4</tstamp>
    </comp>
    <comp ref="C13">
      <value>100nF</value>
      <footprint>Capacitors_SMD:C_0603</footprint>
      <libsource lib="device" part="C"/>
      <sheetpath names="/" tstamps="/"/>
      <tstamp>59530B34</tstamp>
    </comp>
    <comp ref="R10">
      <value>1K</value>
      <footprint>Resistors_SMD:R_0603</footprint>
      <libsource lib="device" part="R"/>
      <sheetpath names="/" tstamps="/"/>
      <tstamp>59531E6D</tstamp>
    </comp>
    <comp ref="D1">
      <value>LED</value>
      <footprint>LEDs:LED_0603</footprint>
      <libsource lib="device" part="LED"/>
      <sheetpath names="/" tstamps="/"/>
      <tstamp>5953206B</tstamp>
    </comp>
    <comp ref="R12">
      <value>0</value>
      <footprint>Resistors_SMD:R_0603</footprint>
      <libsource lib="device" part="R"/>
      <sheetpath names="/" tstamps="/"/>
      <tstamp>5953212E</tstamp>
    </comp>
    <comp ref="TP4">
      <value>IRQ_3V3</value>
      <footprint>Measurement_Points:Test_Point</footprint>
      <libsource lib="device" part="TEST"/>
      <sheetpath names="/" tstamps="/"/>
      <tstamp>595331FC</tstamp>
    </comp>
    <comp ref="U2">
      <value>TXS0102</value>
      <footprint>Housings_SOIC:SOIC-8_3.9x4.9mm_Pitch1.27mm</footprint>
      <libsource lib="texas_instruments" part="TXS0102"/>
      <sheetpath names="/" tstamps="/"/>
      <tstamp>595345B0</tstamp>
    </comp>
    <comp ref="R4">
      <value>0</value>
      <footprint>Resistors_SMD:R_0603</footprint>
      <libsource lib="device" part="R"/>
      <sheetpath names="/" tstamps="/"/>
      <tstamp>595366CC</tstamp>
    </comp>
    <comp ref="R5">
      <value>0</value>
      <footprint>Resistors_SMD:R_0603</footprint>
      <libsource lib="device" part="R"/>
      <sheetpath names="/" tstamps="/"/>
      <tstamp>59536AD6</tstamp>
    </comp>
    <comp ref="J5">
      <value>I2C_1V8</value>
      <footprint>Pin_Headers:Pin_Header_Straight_1x04_Pitch2.54mm</footprint>
      <libsource lib="conn" part="CONN_01X04"/>
      <sheetpath names="/" tstamps="/"/>
      <tstamp>595377BA</tstamp>
    </comp>
    <comp ref="C11">
      <value>100nF</value>
      <footprint>Capacitors_SMD:C_0603</footprint>
      <libsource lib="device" part="C"/>
      <sheetpath names="/" tstamps="/"/>
      <tstamp>5953867C</tstamp>
    </comp>
    <comp ref="C12">
      <value>1µF</value>
      <footprint>Capacitors_SMD:C_0603</footprint>
      <libsource lib="device" part="C"/>
      <sheetpath names="/" tstamps="/"/>
      <tstamp>5953A9D3</tstamp>
    </comp>
    <comp ref="C14">
      <value>100nF</value>
      <footprint>Capacitors_SMD:C_0603</footprint>
      <libsource lib="device" part="C"/>
      <sheetpath names="/" tstamps="/"/>
      <tstamp>5953BA4A</tstamp>
    </comp>
    <comp ref="R7">
      <value>4.7K</value>
      <footprint>Resistors_SMD:R_0603</footprint>
      <libsource lib="device" part="R"/>
      <sheetpath names="/" tstamps="/"/>
      <tstamp>59540974</tstamp>
    </comp>
    <comp ref="R8">
      <value>4.7K</value>
      <footprint>Resistors_SMD:R_0603</footprint>
      <libsource lib="device" part="R"/>
      <sheetpath names="/" tstamps="/"/>
      <tstamp>5954097A</tstamp>
    </comp>
    <comp ref="JP2">
      <value>I2C_3V3_PULL</value>
      <footprint>Resistors_SMD:R_0603</footprint>
      <libsource lib="device" part="Jumper_NO_Small"/>
      <sheetpath names="/" tstamps="/"/>
      <tstamp>59540980</tstamp>
    </comp>
    <comp ref="J3">
      <value>DIL6</value>
      <footprint>Buttons_Switches_SMD:SW_DIP_x3_W8.61mm_Slide_LowProfile</footprint>
      <libsource lib="conn" part="DIL6"/>
      <sheetpath names="/" tstamps="/"/>
      <tstamp>5954410E</tstamp>
    </comp>
    <comp ref="R11">
      <value>4.7K</value>
      <footprint>Resistors_SMD:R_0603</footprint>
      <libsource lib="device" part="R"/>
      <sheetpath names="/" tstamps="/"/>
      <tstamp>59546D7A</tstamp>
    </comp>
    <comp ref="J4">
      <value>I2C_3V3</value>
      <footprint>Pin_Headers:Pin_Header_Straight_1x04_Pitch2.54mm</footprint>
      <libsource lib="conn" part="CONN_01X04"/>
      <sheetpath names="/" tstamps="/"/>
      <tstamp>59549611</tstamp>
    </comp>
    <comp ref="TP2">
      <value>1V8</value>
      <footprint>Measurement_Points:Test_Point</footprint>
      <libsource lib="device" part="TEST"/>
      <sheetpath names="/" tstamps="/"/>
      <tstamp>5954CB18</tstamp>
    </comp>
    <comp ref="TP1">
      <value>1V8_IN</value>
      <footprint>Measurement_Points:Test_Point</footprint>
      <libsource lib="device" part="TEST"/>
      <sheetpath names="/" tstamps="/"/>
      <tstamp>5954D515</tstamp>
    </comp>
    <comp ref="H1">
      <value>M3</value>
      <footprint>Mounting_Holes:MountingHole_3.2mm_M3_Pad_Via</footprint>
      <libsource lib="conn" part="CONN_01X01"/>
      <sheetpath names="/" tstamps="/"/>
      <tstamp>59555D96</tstamp>
    </comp>
    <comp ref="H2">
      <value>M3</value>
      <footprint>Mounting_Holes:MountingHole_3.2mm_M3_Pad_Via</footprint>
      <libsource lib="conn" part="CONN_01X01"/>
      <sheetpath names="/" tstamps="/"/>
      <tstamp>59556943</tstamp>
    </comp>
    <comp ref="H3">
      <value>M3</value>
      <footprint>Mounting_Holes:MountingHole_3.2mm_M3_Pad_Via</footprint>
      <libsource lib="conn" part="CONN_01X01"/>
      <sheetpath names="/" tstamps="/"/>
      <tstamp>595569E3</tstamp>
    </comp>
    <comp ref="H4">
      <value>M3</value>
      <footprint>Mounting_Holes:MountingHole_3.2mm_M3_Pad_Via</footprint>
      <libsource lib="conn" part="CONN_01X01"/>
      <sheetpath names="/" tstamps="/"/>
      <tstamp>59556A82</tstamp>
    </comp>
    <comp ref="TP5">
      <value>GND</value>
      <footprint>Measurement_Points:Test_Point</footprint>
      <libsource lib="device" part="TEST"/>
      <sheetpath names="/" tstamps="/"/>
      <tstamp>595A7E73</tstamp>
    </comp>
    <comp ref="J6">
      <value>QSH-060-01-X-D-A</value>
      <footprint>samtec:QSH-060-01-X-D-A</footprint>
      <libsource lib="samtec" part="QSH-060-01-X-D-A"/>
      <sheetpath names="/DSI Input/" tstamps="/5954EFC1/"/>
      <tstamp>5954F33C</tstamp>
    </comp>
    <comp ref="C15">
      <value>10µF</value>
      <footprint>Capacitors_SMD:C_0805</footprint>
      <libsource lib="device" part="C"/>
      <sheetpath names="/DSI Input/" tstamps="/5954EFC1/"/>
      <tstamp>595513E5</tstamp>
    </comp>
    <comp ref="C16">
      <value>10µF</value>
      <footprint>Capacitors_SMD:C_0805</footprint>
      <libsource lib="device" part="C"/>
      <sheetpath names="/DSI Input/" tstamps="/5954EFC1/"/>
      <tstamp>5955179D</tstamp>
    </comp>
    <comp ref="H5">
      <value>4.24</value>
      <footprint>Mounting_Holes:MountingHole_4.3mm_M4_Pad</footprint>
      <libsource lib="conn" part="CONN_01X01"/>
      <sheetpath names="/DSI Input/" tstamps="/5954EFC1/"/>
      <tstamp>59557C9B</tstamp>
    </comp>
    <comp ref="H6">
      <value>4.24</value>
      <footprint>Mounting_Holes:MountingHole_4.3mm_M4_Pad</footprint>
      <libsource lib="conn" part="CONN_01X01"/>
      <sheetpath names="/DSI Input/" tstamps="/5954EFC1/"/>
      <tstamp>59557E67</tstamp>
    </comp>
    <comp ref="R23">
      <value>0</value>
      <footprint>Resistors_SMD:R_0603</footprint>
      <libsource lib="device" part="R"/>
      <sheetpath names="/DSI Input/" tstamps="/5954EFC1/"/>
      <tstamp>5956C0FD</tstamp>
    </comp>
    <comp ref="R24">
      <value>0</value>
      <footprint>Resistors_SMD:R_0603</footprint>
      <libsource lib="device" part="R"/>
      <sheetpath names="/DSI Input/" tstamps="/5954EFC1/"/>
      <tstamp>5956C103</tstamp>
    </comp>
    <comp ref="R25">
      <value>0</value>
      <footprint>Resistors_SMD:R_0603</footprint>
      <libsource lib="device" part="R"/>
      <sheetpath names="/DSI Input/" tstamps="/5954EFC1/"/>
      <tstamp>5956FACF</tstamp>
    </comp>
    <comp ref="J7">
      <value>LVDS_A</value>
      <footprint>molex:052271-1579</footprint>
      <libsource lib="conn" part="CONN_01X15"/>
      <sheetpath names="/LVDS Output/" tstamps="/59554D4A/"/>
      <tstamp>59554DA7</tstamp>
    </comp>
    <comp ref="J8">
      <value>LVDS_B</value>
      <footprint>molex:052271-1579</footprint>
      <libsource lib="conn" part="CONN_01X15"/>
      <sheetpath names="/LVDS Output/" tstamps="/59554D4A/"/>
      <tstamp>59554E72</tstamp>
    </comp>
  </components>
  <libparts>
    <libpart lib="device" part="C">
      <description>Unpolarized capacitor</description>
      <footprints>
        <fp>C_*</fp>
      </footprints>
      <fields>
        <field name="Reference">C</field>
        <field name="Value">C</field>
      </fields>
      <pins>
        <pin num="1" name="~" type="passive"/>
        <pin num="2" name="~" type="passive"/>
      </pins>
    </libpart>
    <libpart lib="conn" part="CONN_01X01">
      <description>Connector, single row, 01x01, pin header</description>
      <footprints>
        <fp>Pin_Header_Straight_1X*</fp>
        <fp>Pin_Header_Angled_1X*</fp>
        <fp>Socket_Strip_Straight_1X*</fp>
        <fp>Socket_Strip_Angled_1X*</fp>
      </footprints>
      <fields>
        <field name="Reference">J</field>
        <field name="Value">CONN_01X01</field>
      </fields>
      <pins>
        <pin num="1" name="P1" type="passive"/>
      </pins>
    </libpart>
    <libpart lib="conn" part="CONN_01X02">
      <description>Connector, single row, 01x02, pin header</description>
      <footprints>
        <fp>Pin_Header_Straight_1X*</fp>
        <fp>Pin_Header_Angled_1X*</fp>
        <fp>Socket_Strip_Straight_1X*</fp>
        <fp>Socket_Strip_Angled_1X*</fp>
      </footprints>
      <fields>
        <field name="Reference">J</field>
        <field name="Value">CONN_01X02</field>
      </fields>
      <pins>
        <pin num="1" name="P1" type="passive"/>
        <pin num="2" name="P2" type="passive"/>
      </pins>
    </libpart>
    <libpart lib="conn" part="CONN_01X03">
      <description>Connector, single row, 01x03, pin header</description>
      <footprints>
        <fp>Pin_Header_Straight_1X*</fp>
        <fp>Pin_Header_Angled_1X*</fp>
        <fp>Socket_Strip_Straight_1X*</fp>
        <fp>Socket_Strip_Angled_1X*</fp>
      </footprints>
      <fields>
        <field name="Reference">J</field>
        <field name="Value">CONN_01X03</field>
      </fields>
      <pins>
        <pin num="1" name="P1" type="passive"/>
        <pin num="2" name="P2" type="passive"/>
        <pin num="3" name="P3" type="passive"/>
      </pins>
    </libpart>
    <libpart lib="conn" part="CONN_01X04">
      <description>Connector, single row, 01x04, pin header</description>
      <footprints>
        <fp>Pin_Header_Straight_1X*</fp>
        <fp>Pin_Header_Angled_1X*</fp>
        <fp>Socket_Strip_Straight_1X*</fp>
        <fp>Socket_Strip_Angled_1X*</fp>
      </footprints>
      <fields>
        <field name="Reference">J</field>
        <field name="Value">CONN_01X04</field>
      </fields>
      <pins>
        <pin num="1" name="P1" type="passive"/>
        <pin num="2" name="P2" type="passive"/>
        <pin num="3" name="P3" type="passive"/>
        <pin num="4" name="P4" type="passive"/>
      </pins>
    </libpart>
    <libpart lib="conn" part="CONN_01X15">
      <description>Connector, single row, 01x15, pin header</description>
      <footprints>
        <fp>Pin_Header_Straight_1X*</fp>
        <fp>Pin_Header_Angled_1X*</fp>
        <fp>Socket_Strip_Straight_1X*</fp>
        <fp>Socket_Strip_Angled_1X*</fp>
      </footprints>
      <fields>
        <field name="Reference">J</field>
        <field name="Value">CONN_01X15</field>
      </fields>
      <pins>
        <pin num="1" name="P1" type="passive"/>
        <pin num="2" name="P2" type="passive"/>
        <pin num="3" name="P3" type="passive"/>
        <pin num="4" name="P4" type="passive"/>
        <pin num="5" name="P5" type="passive"/>
        <pin num="6" name="P6" type="passive"/>
        <pin num="7" name="P7" type="passive"/>
        <pin num="8" name="P8" type="passive"/>
        <pin num="9" name="P9" type="passive"/>
        <pin num="10" name="P10" type="passive"/>
        <pin num="11" name="P11" type="passive"/>
        <pin num="12" name="P12" type="passive"/>
        <pin num="13" name="P13" type="passive"/>
        <pin num="14" name="P14" type="passive"/>
        <pin num="15" name="P15" type="passive"/>
      </pins>
    </libpart>
    <libpart lib="conn" part="DIL6">
      <fields>
        <field name="Reference">J</field>
        <field name="Value">DIL6</field>
      </fields>
      <pins>
        <pin num="1" name="P1" type="passive"/>
        <pin num="2" name="P2" type="passive"/>
        <pin num="3" name="P3" type="passive"/>
        <pin num="4" name="P4" type="passive"/>
        <pin num="5" name="P5" type="passive"/>
        <pin num="6" name="P6" type="passive"/>
      </pins>
    </libpart>
    <libpart lib="device" part="Jumper_NO_Small">
      <description>Jumper, normally open</description>
      <fields>
        <field name="Reference">JP</field>
        <field name="Value">Jumper_NO_Small</field>
      </fields>
      <pins>
        <pin num="1" name="1" type="passive"/>
        <pin num="2" name="2" type="passive"/>
      </pins>
    </libpart>
    <libpart lib="device" part="L">
      <description>Inductor</description>
      <footprints>
        <fp>Choke_*</fp>
        <fp>*Coil*</fp>
        <fp>Inductor_*</fp>
        <fp>L_*</fp>
      </footprints>
      <fields>
        <field name="Reference">L</field>
        <field name="Value">L</field>
      </fields>
      <pins>
        <pin num="1" name="1" type="passive"/>
        <pin num="2" name="2" type="passive"/>
      </pins>
    </libpart>
    <libpart lib="device" part="LED">
      <description>LED generic</description>
      <footprints>
        <fp>LED*</fp>
      </footprints>
      <fields>
        <field name="Reference">D</field>
        <field name="Value">LED</field>
      </fields>
      <pins>
        <pin num="1" name="K" type="passive"/>
        <pin num="2" name="A" type="passive"/>
      </pins>
    </libpart>
    <libpart lib="samtec" part="QSH-060-01-X-D-A">
      <fields>
        <field name="Reference">J</field>
        <field name="Value">QSH-060-01-X-D-A</field>
      </fields>
      <pins>
        <pin num="1" name="1" type="passive"/>
        <pin num="2" name="2" type="passive"/>
        <pin num="3" name="3" type="passive"/>
        <pin num="4" name="4" type="passive"/>
        <pin num="5" name="5" type="passive"/>
        <pin num="6" name="6" type="passive"/>
        <pin num="7" name="7" type="passive"/>
        <pin num="8" name="8" type="passive"/>
        <pin num="9" name="9" type="passive"/>
        <pin num="10" name="10" type="passive"/>
        <pin num="11" name="11" type="passive"/>
        <pin num="12" name="12" type="passive"/>
        <pin num="13" name="13" type="passive"/>
        <pin num="14" name="14" type="passive"/>
        <pin num="15" name="15" type="passive"/>
        <pin num="16" name="16" type="passive"/>
        <pin num="17" name="17" type="passive"/>
        <pin num="18" name="18" type="passive"/>
        <pin num="19" name="19" type="passive"/>
        <pin num="20" name="20" type="passive"/>
        <pin num="21" name="21" type="passive"/>
        <pin num="22" name="22" type="passive"/>
        <pin num="23" name="23" type="passive"/>
        <pin num="24" name="24" type="passive"/>
        <pin num="25" name="25" type="passive"/>
        <pin num="26" name="26" type="passive"/>
        <pin num="27" name="27" type="passive"/>
        <pin num="28" name="28" type="passive"/>
        <pin num="29" name="29" type="passive"/>
        <pin num="30" name="30" type="passive"/>
        <pin num="31" name="31" type="passive"/>
        <pin num="32" name="32" type="passive"/>
        <pin num="33" name="33" type="passive"/>
        <pin num="34" name="34" type="passive"/>
        <pin num="35" name="35" type="passive"/>
        <pin num="36" name="36" type="passive"/>
        <pin num="37" name="37" type="passive"/>
        <pin num="38" name="38" type="passive"/>
        <pin num="39" name="39" type="passive"/>
        <pin num="40" name="40" type="passive"/>
        <pin num="41" name="41" type="passive"/>
        <pin num="42" name="42" type="passive"/>
        <pin num="43" name="43" type="passive"/>
        <pin num="44" name="44" type="passive"/>
        <pin num="45" name="45" type="passive"/>
        <pin num="46" name="46" type="passive"/>
        <pin num="47" name="47" type="passive"/>
        <pin num="48" name="48" type="passive"/>
        <pin num="49" name="49" type="passive"/>
        <pin num="50" name="50" type="passive"/>
        <pin num="51" name="51" type="passive"/>
        <pin num="52" name="52" type="passive"/>
        <pin num="53" name="53" type="passive"/>
        <pin num="54" name="54" type="passive"/>
        <pin num="55" name="55" type="passive"/>
        <pin num="56" name="56" type="passive"/>
        <pin num="57" name="57" type="passive"/>
        <pin num="58" name="58" type="passive"/>
        <pin num="59" name="59" type="passive"/>
        <pin num="60" name="60" type="passive"/>
        <pin num="61" name="61" type="passive"/>
        <pin num="62" name="62" type="passive"/>
        <pin num="63" name="63" type="passive"/>
        <pin num="64" name="64" type="passive"/>
        <pin num="65" name="65" type="passive"/>
        <pin num="66" name="66" type="passive"/>
        <pin num="67" name="67" type="passive"/>
        <pin num="68" name="68" type="passive"/>
        <pin num="69" name="69" type="passive"/>
        <pin num="70" name="70" type="passive"/>
        <pin num="71" name="71" type="passive"/>
        <pin num="72" name="72" type="passive"/>
        <pin num="73" name="73" type="passive"/>
        <pin num="74" name="74" type="passive"/>
        <pin num="75" name="75" type="passive"/>
        <pin num="76" name="76" type="passive"/>
        <pin num="77" name="77" type="passive"/>
        <pin num="78" name="78" type="passive"/>
        <pin num="79" name="79" type="passive"/>
        <pin num="80" name="80" type="passive"/>
        <pin num="81" name="81" type="passive"/>
        <pin num="82" name="82" type="passive"/>
        <pin num="83" name="83" type="passive"/>
        <pin num="84" name="84" type="passive"/>
        <pin num="85" name="85" type="passive"/>
        <pin num="86" name="86" type="passive"/>
        <pin num="87" name="87" type="passive"/>
        <pin num="88" name="88" type="passive"/>
        <pin num="89" name="89" type="passive"/>
        <pin num="90" name="90" type="passive"/>
        <pin num="91" name="91" type="passive"/>
        <pin num="92" name="92" type="passive"/>
        <pin num="93" name="93" type="passive"/>
        <pin num="94" name="94" type="passive"/>
        <pin num="95" name="95" type="passive"/>
        <pin num="96" name="96" type="passive"/>
        <pin num="97" name="97" type="passive"/>
        <pin num="98" name="98" type="passive"/>
        <pin num="99" name="99" type="passive"/>
        <pin num="100" name="100" type="passive"/>
        <pin num="101" name="101" type="passive"/>
        <pin num="102" name="102" type="passive"/>
        <pin num="103" name="103" type="passive"/>
        <pin num="104" name="104" type="passive"/>
        <pin num="105" name="105" type="passive"/>
        <pin num="106" name="106" type="passive"/>
        <pin num="107" name="107" type="passive"/>
        <pin num="108" name="108" type="passive"/>
        <pin num="109" name="109" type="passive"/>
        <pin num="110" name="110" type="passive"/>
        <pin num="111" name="111" type="passive"/>
        <pin num="112" name="112" type="passive"/>
        <pin num="113" name="113" type="passive"/>
        <pin num="114" name="114" type="passive"/>
        <pin num="115" name="115" type="passive"/>
        <pin num="116" name="116" type="passive"/>
        <pin num="117" name="117" type="passive"/>
        <pin num="118" name="118" type="passive"/>
        <pin num="119" name="119" type="passive"/>
        <pin num="120" name="120" type="passive"/>
        <pin num="121" name="G1" type="passive"/>
        <pin num="122" name="G2" type="passive"/>
        <pin num="123" name="G3" type="passive"/>
        <pin num="124" name="G4" type="passive"/>
        <pin num="125" name="G5" type="passive"/>
        <pin num="126" name="G6" type="passive"/>
        <pin num="127" name="G7" type="passive"/>
        <pin num="128" name="G8" type="passive"/>
      </pins>
    </libpart>
    <libpart lib="device" part="R">
      <description>Resistor</description>
      <footprints>
        <fp>R_*</fp>
        <fp>R_*</fp>
      </footprints>
      <fields>
        <field name="Reference">R</field>
        <field name="Value">R</field>
      </fields>
      <pins>
        <pin num="1" name="~" type="passive"/>
        <pin num="2" name="~" type="passive"/>
      </pins>
    </libpart>
    <libpart lib="texas_instruments" part="SN65DSI85-Q1">
      <fields>
        <field name="Reference">U</field>
        <field name="Value">SN65DSI85-Q1</field>
      </fields>
      <pins>
        <pin num="1" name="TEST2(NC)" type="input"/>
        <pin num="2" name="EN" type="input"/>
        <pin num="3" name="VCC" type="power_in"/>
        <pin num="4" name="DB0P" type="input"/>
        <pin num="5" name="DB0N" type="input"/>
        <pin num="6" name="DB1P" type="input"/>
        <pin num="7" name="DB1N" type="input"/>
        <pin num="8" name="DBCP" type="input"/>
        <pin num="9" name="DBCN" type="input"/>
        <pin num="10" name="DB2P" type="input"/>
        <pin num="11" name="DB2N" type="input"/>
        <pin num="12" name="DB3P" type="input"/>
        <pin num="13" name="DB3N" type="input"/>
        <pin num="14" name="VCC" type="power_in"/>
        <pin num="15" name="SCL" type="BiDi"/>
        <pin num="16" name="SDA" type="BiDi"/>
        <pin num="17" name="REFCLK" type="input"/>
        <pin num="18" name="VCC" type="power_in"/>
        <pin num="19" name="DA0P" type="input"/>
        <pin num="20" name="DA0N" type="input"/>
        <pin num="21" name="DA1P" type="input"/>
        <pin num="22" name="DA1N" type="input"/>
        <pin num="23" name="GND" type="power_in"/>
        <pin num="24" name="DACP" type="input"/>
        <pin num="25" name="DACN" type="input"/>
        <pin num="26" name="GND" type="power_in"/>
        <pin num="27" name="DA2P" type="input"/>
        <pin num="28" name="DA2N" type="input"/>
        <pin num="29" name="DA3P" type="input"/>
        <pin num="30" name="DA3N" type="input"/>
        <pin num="31" name="VCORE" type="power_out"/>
        <pin num="32" name="VCC" type="power_in"/>
        <pin num="33" name="IRQ" type="output"/>
        <pin num="34" name="TEST1(NC)" type="BiDi"/>
        <pin num="35" name="VCC" type="power_in"/>
        <pin num="36" name="A_Y3P" type="output"/>
        <pin num="37" name="A_Y3N" type="output"/>
        <pin num="38" name="A_CLKP" type="output"/>
        <pin num="39" name="A_CLKN" type="output"/>
        <pin num="40" name="VCC" type="power_in"/>
        <pin num="41" name="A_Y2P" type="output"/>
        <pin num="42" name="A_Y2N" type="output"/>
        <pin num="43" name="VCC" type="power_in"/>
        <pin num="44" name="A_Y1P" type="output"/>
        <pin num="45" name="A_Y1N" type="output"/>
        <pin num="46" name="A_Y0P" type="output"/>
        <pin num="47" name="A_Y0N" type="output"/>
        <pin num="48" name="VCC" type="power_in"/>
        <pin num="49" name="VCC" type="power_in"/>
        <pin num="50" name="B_Y3P" type="output"/>
        <pin num="51" name="B_Y3N" type="output"/>
        <pin num="52" name="GND" type="power_in"/>
        <pin num="53" name="B_CLKP" type="output"/>
        <pin num="54" name="B_CLKN" type="output"/>
        <pin num="55" name="VCC" type="power_in"/>
        <pin num="56" name="B_Y2P" type="output"/>
        <pin num="57" name="B_Y2N" type="output"/>
        <pin num="58" name="VCC" type="power_in"/>
        <pin num="59" name="B_Y1P" type="output"/>
        <pin num="60" name="B_Y1N" type="output"/>
        <pin num="61" name="B_Y0P" type="output"/>
        <pin num="62" name="B_Y0N" type="output"/>
        <pin num="63" name="VCC" type="power_in"/>
        <pin num="64" name="ADDR" type="input"/>
        <pin num="65" name="GND" type="power_in"/>
      </pins>
    </libpart>
    <libpart lib="texas_instruments" part="SN74LVC1G07">
      <fields>
        <field name="Reference">U</field>
        <field name="Value">SN74LVC1G07</field>
      </fields>
      <pins>
        <pin num="1" name="~" type="unspc"/>
        <pin num="2" name="~" type="input"/>
        <pin num="3" name="-" type="power_in"/>
        <pin num="4" name="~" type="openCol"/>
        <pin num="5" name="+" type="power_in"/>
      </pins>
    </libpart>
    <libpart lib="device" part="TEST">
      <description>Testpoint, connection for test equipment</description>
      <fields>
        <field name="Reference">TP</field>
        <field name="Value">TEST</field>
      </fields>
      <pins>
        <pin num="1" name="~" type="passive"/>
      </pins>
    </libpart>
    <libpart lib="texas_instruments" part="TXS0102">
      <fields>
        <field name="Reference">U</field>
        <field name="Value">TXS0102</field>
      </fields>
      <pins>
        <pin num="1" name="B2" type="openCol"/>
        <pin num="2" name="GND" type="power_in"/>
        <pin num="3" name="VCCA" type="power_in"/>
        <pin num="4" name="A2" type="openCol"/>
        <pin num="5" name="A1" type="openCol"/>
        <pin num="6" name="OE" type="input"/>
        <pin num="7" name="VCCB" type="power_in"/>
        <pin num="8" name="B1" type="openCol"/>
      </pins>
    </libpart>
  </libparts>
  <libraries>
    <library logical="conn">
      <uri>C:\Program Files\KiCad\share\kicad\library\conn.lib</uri>
    </library>
    <library logical="device">
      <uri>C:\Program Files\KiCad\share\kicad\library\device.lib</uri>
    </library>
    <library logical="texas_instruments">
      <uri>E:\Documentos\KiCad\kicad-library\library_custom\texas_instruments.lib</uri>
    </library>
    <library logical="samtec">
      <uri>E:\Documentos\KiCad\kicad-library\library_custom\samtec.lib</uri>
    </library>
  </libraries>
  <nets>
    <net code="1" name="+3V3">
      <node ref="U2" pin="7"/>
      <node ref="J6" pin="63"/>
      <node ref="C16" pin="1"/>
      <node ref="JP2" pin="2"/>
      <node ref="J6" pin="61"/>
      <node ref="J4" pin="1"/>
      <node ref="C12" pin="1"/>
      <node ref="C14" pin="1"/>
      <node ref="R10" pin="1"/>
    </net>
    <net code="2" name="Net-(D1-Pad2)">
      <node ref="R12" pin="2"/>
      <node ref="D1" pin="2"/>
    </net>
    <net code="3" name="IRQ_3V3">
      <node ref="TP4" pin="1"/>
      <node ref="R12" pin="1"/>
      <node ref="U3" pin="4"/>
      <node ref="R10" pin="2"/>
    </net>
    <net code="4" name="GND">
      <node ref="J6" pin="78"/>
      <node ref="J6" pin="102"/>
      <node ref="J6" pin="112"/>
      <node ref="J7" pin="7"/>
      <node ref="J6" pin="103"/>
      <node ref="J6" pin="109"/>
      <node ref="J6" pin="126"/>
      <node ref="J6" pin="127"/>
      <node ref="J6" pin="128"/>
      <node ref="J6" pin="97"/>
      <node ref="J6" pin="115"/>
      <node ref="J6" pin="125"/>
      <node ref="J7" pin="10"/>
      <node ref="J2" pin="2"/>
      <node ref="C12" pin="2"/>
      <node ref="J3" pin="4"/>
      <node ref="J6" pin="67"/>
      <node ref="J7" pin="13"/>
      <node ref="J3" pin="5"/>
      <node ref="J3" pin="6"/>
      <node ref="C9" pin="2"/>
      <node ref="U1" pin="65"/>
      <node ref="U1" pin="26"/>
      <node ref="U1" pin="23"/>
      <node ref="J8" pin="13"/>
      <node ref="J8" pin="7"/>
      <node ref="U1" pin="52"/>
      <node ref="C15" pin="2"/>
      <node ref="J7" pin="4"/>
      <node ref="J8" pin="10"/>
      <node ref="C10" pin="2"/>
      <node ref="C16" pin="2"/>
      <node ref="J8" pin="4"/>
      <node ref="R6" pin="1"/>
      <node ref="J5" pin="2"/>
      <node ref="U3" pin="3"/>
      <node ref="J6" pin="121"/>
      <node ref="J6" pin="59"/>
      <node ref="J6" pin="41"/>
      <node ref="J6" pin="122"/>
      <node ref="J6" pin="123"/>
      <node ref="J6" pin="70"/>
      <node ref="J6" pin="65"/>
      <node ref="J6" pin="91"/>
      <node ref="J6" pin="35"/>
      <node ref="J6" pin="96"/>
      <node ref="J6" pin="52"/>
      <node ref="J6" pin="76"/>
      <node ref="J6" pin="23"/>
      <node ref="J6" pin="75"/>
      <node ref="J6" pin="47"/>
      <node ref="J6" pin="53"/>
      <node ref="J6" pin="17"/>
      <node ref="J6" pin="83"/>
      <node ref="J6" pin="73"/>
      <node ref="C8" pin="2"/>
      <node ref="C7" pin="2"/>
      <node ref="J6" pin="124"/>
      <node ref="C6" pin="2"/>
      <node ref="U2" pin="2"/>
      <node ref="C5" pin="2"/>
      <node ref="C4" pin="2"/>
      <node ref="J6" pin="48"/>
      <node ref="C3" pin="2"/>
      <node ref="C2" pin="2"/>
      <node ref="J6" pin="81"/>
      <node ref="J6" pin="5"/>
      <node ref="C11" pin="2"/>
      <node ref="C1" pin="2"/>
      <node ref="TP5" pin="1"/>
      <node ref="D1" pin="1"/>
      <node ref="C14" pin="2"/>
      <node ref="H2" pin="1"/>
      <node ref="H3" pin="1"/>
      <node ref="H4" pin="1"/>
      <node ref="C13" pin="2"/>
      <node ref="J6" pin="29"/>
      <node ref="H1" pin="1"/>
      <node ref="J6" pin="60"/>
      <node ref="J6" pin="11"/>
      <node ref="J6" pin="90"/>
      <node ref="J4" pin="2"/>
    </net>
    <net code="5" name="IRQ">
      <node ref="U3" pin="2"/>
      <node ref="R25" pin="2"/>
      <node ref="U1" pin="33"/>
      <node ref="TP3" pin="1"/>
    </net>
    <net code="6" name="Net-(R4-Pad2)">
      <node ref="U2" pin="5"/>
      <node ref="R4" pin="2"/>
    </net>
    <net code="7" name="Net-(R5-Pad1)">
      <node ref="R5" pin="1"/>
      <node ref="U2" pin="4"/>
    </net>
    <net code="8" name="+1V8_INPUT">
      <node ref="JP1" pin="2"/>
      <node ref="U2" pin="3"/>
      <node ref="FB1" pin="1"/>
      <node ref="J5" pin="1"/>
      <node ref="C11" pin="1"/>
      <node ref="J6" pin="71"/>
      <node ref="TP1" pin="1"/>
      <node ref="C15" pin="1"/>
      <node ref="J6" pin="69"/>
    </net>
    <net code="9" name="Net-(U3-Pad1)">
      <node ref="U3" pin="1"/>
    </net>
    <net code="10" name="I2C_SDA">
      <node ref="R2" pin="2"/>
      <node ref="R24" pin="1"/>
      <node ref="R5" pin="2"/>
      <node ref="U1" pin="16"/>
      <node ref="J5" pin="4"/>
    </net>
    <net code="11" name="I2C_SCL">
      <node ref="R23" pin="2"/>
      <node ref="R1" pin="2"/>
      <node ref="R4" pin="1"/>
      <node ref="U1" pin="15"/>
      <node ref="J5" pin="3"/>
    </net>
    <net code="12" name="+1V8">
      <node ref="U1" pin="55"/>
      <node ref="R9" pin="1"/>
      <node ref="U1" pin="43"/>
      <node ref="U1" pin="63"/>
      <node ref="U1" pin="40"/>
      <node ref="TP2" pin="1"/>
      <node ref="U1" pin="32"/>
      <node ref="U1" pin="3"/>
      <node ref="U1" pin="49"/>
      <node ref="FB1" pin="2"/>
      <node ref="C1" pin="1"/>
      <node ref="C2" pin="1"/>
      <node ref="C3" pin="1"/>
      <node ref="C4" pin="1"/>
      <node ref="C5" pin="1"/>
      <node ref="C6" pin="1"/>
      <node ref="U1" pin="58"/>
      <node ref="U1" pin="48"/>
      <node ref="C13" pin="1"/>
      <node ref="R11" pin="1"/>
      <node ref="R3" pin="1"/>
      <node ref="C8" pin="1"/>
      <node ref="U1" pin="35"/>
      <node ref="C7" pin="1"/>
      <node ref="U1" pin="14"/>
      <node ref="U3" pin="5"/>
      <node ref="U1" pin="18"/>
    </net>
    <net code="13" name="/I2C_EN">
      <node ref="J3" pin="2"/>
      <node ref="U2" pin="6"/>
      <node ref="R11" pin="2"/>
    </net>
    <net code="14" name="I2C_3V3_SCL">
      <node ref="R7" pin="2"/>
      <node ref="U2" pin="8"/>
      <node ref="J4" pin="3"/>
    </net>
    <net code="15" name="I2C_3V3_SDA">
      <node ref="U2" pin="1"/>
      <node ref="R8" pin="2"/>
      <node ref="J4" pin="4"/>
    </net>
    <net code="16" name="Net-(JP2-Pad1)">
      <node ref="R8" pin="1"/>
      <node ref="JP2" pin="1"/>
      <node ref="R7" pin="1"/>
    </net>
    <net code="17" name="RESETN">
      <node ref="R3" pin="2"/>
      <node ref="J3" pin="3"/>
      <node ref="U1" pin="2"/>
      <node ref="C10" pin="1"/>
    </net>
    <net code="18" name="Net-(U1-Pad34)">
      <node ref="U1" pin="34"/>
    </net>
    <net code="19" name="Net-(U1-Pad1)">
      <node ref="U1" pin="1"/>
    </net>
    <net code="20" name="/ADDR">
      <node ref="U1" pin="64"/>
      <node ref="R9" pin="2"/>
      <node ref="J3" pin="1"/>
    </net>
    <net code="21" name="DSI_B0_P">
      <node ref="U1" pin="4"/>
      <node ref="J6" pin="27"/>
    </net>
    <net code="22" name="DSI_B0_N">
      <node ref="J6" pin="25"/>
      <node ref="U1" pin="5"/>
    </net>
    <net code="23" name="DSI_B1_P">
      <node ref="J6" pin="21"/>
      <node ref="U1" pin="6"/>
    </net>
    <net code="24" name="DSI_A3_P">
      <node ref="J6" pin="33"/>
      <node ref="U1" pin="29"/>
    </net>
    <net code="25" name="DSI_A3_N">
      <node ref="U1" pin="30"/>
      <node ref="J6" pin="31"/>
    </net>
    <net code="26" name="DSI_A2_P">
      <node ref="U1" pin="27"/>
      <node ref="J6" pin="39"/>
    </net>
    <net code="27" name="DSI_A2_N">
      <node ref="U1" pin="28"/>
      <node ref="J6" pin="37"/>
    </net>
    <net code="28" name="DSI_ACLK_P">
      <node ref="U1" pin="24"/>
      <node ref="J6" pin="45"/>
    </net>
    <net code="29" name="DSI_ACLK_N">
      <node ref="U1" pin="25"/>
      <node ref="J6" pin="43"/>
    </net>
    <net code="30" name="DSI_A0_P">
      <node ref="J6" pin="57"/>
      <node ref="U1" pin="19"/>
    </net>
    <net code="31" name="DSI_A0_N">
      <node ref="J6" pin="55"/>
      <node ref="U1" pin="20"/>
    </net>
    <net code="32" name="DSI_A1_P">
      <node ref="J6" pin="51"/>
      <node ref="U1" pin="21"/>
    </net>
    <net code="33" name="DSI_A1_N">
      <node ref="J6" pin="49"/>
      <node ref="U1" pin="22"/>
    </net>
    <net code="34" name="LVDS_B1_P">
      <node ref="J8" pin="11"/>
      <node ref="U1" pin="59"/>
    </net>
    <net code="35" name="LVDS_A2_N">
      <node ref="J7" pin="9"/>
      <node ref="U1" pin="42"/>
    </net>
    <net code="36" name="LVDS_A2_P">
      <node ref="U1" pin="41"/>
      <node ref="J7" pin="8"/>
    </net>
    <net code="37" name="LVDS_B3_N">
      <node ref="J8" pin="3"/>
      <node ref="U1" pin="51"/>
    </net>
    <net code="38" name="LVDS_B0_P">
      <node ref="U1" pin="61"/>
      <node ref="J8" pin="14"/>
    </net>
    <net code="39" name="DSI_B3_P">
      <node ref="U1" pin="12"/>
      <node ref="J6" pin="3"/>
    </net>
    <net code="40" name="DSI_B2_N">
      <node ref="U1" pin="11"/>
      <node ref="J6" pin="7"/>
    </net>
    <net code="41" name="LVDS_B0_N">
      <node ref="U1" pin="62"/>
      <node ref="J8" pin="15"/>
    </net>
    <net code="42" name="DSI_B3_N">
      <node ref="J6" pin="1"/>
      <node ref="U1" pin="13"/>
    </net>
    <net code="43" name="LVDS_BCLK_P">
      <node ref="U1" pin="53"/>
      <node ref="J8" pin="5"/>
    </net>
    <net code="44" name="LVDS_B1_N">
      <node ref="J8" pin="12"/>
      <node ref="U1" pin="60"/>
    </net>
    <net code="45" name="LVDS_B3_P">
      <node ref="U1" pin="50"/>
      <node ref="J8" pin="2"/>
    </net>
    <net code="46" name="DSI_B2_P">
      <node ref="J6" pin="9"/>
      <node ref="U1" pin="10"/>
    </net>
    <net code="47" name="DSI_BCLK_N">
      <node ref="U1" pin="9"/>
      <node ref="J6" pin="13"/>
    </net>
    <net code="48" name="DSI_BCLK_P">
      <node ref="U1" pin="8"/>
      <node ref="J6" pin="15"/>
    </net>
    <net code="49" name="DSI_B1_N">
      <node ref="J6" pin="19"/>
      <node ref="U1" pin="7"/>
    </net>
    <net code="50" name="LVDS_A0_P">
      <node ref="J7" pin="14"/>
      <node ref="U1" pin="46"/>
    </net>
    <net code="51" name="LVDS_ACLK_N">
      <node ref="U1" pin="39"/>
      <node ref="J7" pin="6"/>
    </net>
    <net code="52" name="LVDS_ACLK_P">
      <node ref="J7" pin="5"/>
      <node ref="U1" pin="38"/>
    </net>
    <net code="53" name="LVDS_B2_N">
      <node ref="J8" pin="9"/>
      <node ref="U1" pin="57"/>
    </net>
    <net code="54" name="LVDS_A0_N">
      <node ref="J7" pin="15"/>
      <node ref="U1" pin="47"/>
    </net>
    <net code="55" name="LVDS_A3_N">
      <node ref="U1" pin="37"/>
      <node ref="J7" pin="3"/>
    </net>
    <net code="56" name="LVDS_B2_P">
      <node ref="U1" pin="56"/>
      <node ref="J8" pin="8"/>
    </net>
    <net code="57" name="LVDS_A3_P">
      <node ref="J7" pin="2"/>
      <node ref="U1" pin="36"/>
    </net>
    <net code="58" name="LVDS_A1_N">
      <node ref="U1" pin="45"/>
      <node ref="J7" pin="12"/>
    </net>
    <net code="59" name="LVDS_BCLK_N">
      <node ref="J8" pin="6"/>
      <node ref="U1" pin="54"/>
    </net>
    <net code="60" name="LVDS_A1_P">
      <node ref="J7" pin="11"/>
      <node ref="U1" pin="44"/>
    </net>
    <net code="61" name="Net-(J1-Pad1)">
      <node ref="J1" pin="1"/>
      <node ref="R6" pin="2"/>
    </net>
    <net code="62" name="/REFCLK">
      <node ref="J1" pin="2"/>
      <node ref="U1" pin="17"/>
    </net>
    <net code="63" name="Net-(J1-Pad3)">
      <node ref="J1" pin="3"/>
      <node ref="J2" pin="1"/>
    </net>
    <net code="64" name="Net-(C9-Pad1)">
      <node ref="U1" pin="31"/>
      <node ref="C9" pin="1"/>
    </net>
    <net code="65" name="Net-(JP1-Pad1)">
      <node ref="JP1" pin="1"/>
      <node ref="R2" pin="1"/>
      <node ref="R1" pin="1"/>
    </net>
    <net code="66" name="Net-(J6-Pad95)">
      <node ref="J6" pin="95"/>
    </net>
    <net code="67" name="Net-(J6-Pad93)">
      <node ref="J6" pin="93"/>
    </net>
    <net code="68" name="Net-(J6-Pad89)">
      <node ref="J6" pin="89"/>
    </net>
    <net code="69" name="Net-(J6-Pad87)">
      <node ref="J6" pin="87"/>
    </net>
    <net code="70" name="Net-(J6-Pad85)">
      <node ref="J6" pin="85"/>
    </net>
    <net code="71" name="Net-(J6-Pad79)">
      <node ref="J6" pin="79"/>
    </net>
    <net code="72" name="Net-(J6-Pad77)">
      <node ref="J6" pin="77"/>
    </net>
    <net code="73" name="Net-(J6-Pad72)">
      <node ref="J6" pin="72"/>
    </net>
    <net code="74" name="Net-(J6-Pad100)">
      <node ref="J6" pin="100"/>
    </net>
    <net code="75" name="Net-(J6-Pad94)">
      <node ref="J6" pin="94"/>
    </net>
    <net code="76" name="Net-(J6-Pad92)">
      <node ref="J6" pin="92"/>
    </net>
    <net code="77" name="Net-(J6-Pad88)">
      <node ref="J6" pin="88"/>
    </net>
    <net code="78" name="Net-(J6-Pad86)">
      <node ref="J6" pin="86"/>
    </net>
    <net code="79" name="Net-(J6-Pad84)">
      <node ref="J6" pin="84"/>
    </net>
    <net code="80" name="Net-(J6-Pad82)">
      <node ref="J6" pin="82"/>
    </net>
    <net code="81" name="Net-(J6-Pad80)">
      <node ref="J6" pin="80"/>
    </net>
    <net code="82" name="Net-(J6-Pad74)">
      <node ref="J6" pin="74"/>
    </net>
    <net code="83" name="Net-(J6-Pad22)">
      <node ref="J6" pin="22"/>
      <node ref="R23" pin="1"/>
    </net>
    <net code="84" name="Net-(J6-Pad68)">
      <node ref="J6" pin="68"/>
    </net>
    <net code="85" name="Net-(J6-Pad66)">
      <node ref="J6" pin="66"/>
    </net>
    <net code="86" name="Net-(J6-Pad64)">
      <node ref="J6" pin="64"/>
    </net>
    <net code="87" name="Net-(J6-Pad62)">
      <node ref="J6" pin="62"/>
    </net>
    <net code="88" name="Net-(J6-Pad2)">
      <node ref="J6" pin="2"/>
    </net>
    <net code="89" name="Net-(J6-Pad4)">
      <node ref="J6" pin="4"/>
    </net>
    <net code="90" name="Net-(J6-Pad6)">
      <node ref="J6" pin="6"/>
    </net>
    <net code="91" name="Net-(J6-Pad8)">
      <node ref="J6" pin="8"/>
    </net>
    <net code="92" name="Net-(J6-Pad10)">
      <node ref="J6" pin="10"/>
    </net>
    <net code="93" name="Net-(J6-Pad12)">
      <node ref="J6" pin="12"/>
    </net>
    <net code="94" name="Net-(J6-Pad98)">
      <node ref="R25" pin="1"/>
      <node ref="J6" pin="98"/>
    </net>
    <net code="95" name="Net-(J6-Pad14)">
      <node ref="J6" pin="14"/>
    </net>
    <net code="96" name="Net-(J6-Pad24)">
      <node ref="J6" pin="24"/>
      <node ref="R24" pin="2"/>
    </net>
    <net code="97" name="Net-(J6-Pad114)">
      <node ref="J6" pin="114"/>
    </net>
    <net code="98" name="Net-(J6-Pad104)">
      <node ref="J6" pin="104"/>
    </net>
    <net code="99" name="Net-(J6-Pad106)">
      <node ref="J6" pin="106"/>
    </net>
    <net code="100" name="Net-(J6-Pad108)">
      <node ref="J6" pin="108"/>
    </net>
    <net code="101" name="Net-(J6-Pad110)">
      <node ref="J6" pin="110"/>
    </net>
    <net code="102" name="Net-(J6-Pad116)">
      <node ref="J6" pin="116"/>
    </net>
    <net code="103" name="Net-(J6-Pad118)">
      <node ref="J6" pin="118"/>
    </net>
    <net code="104" name="Net-(J6-Pad120)">
      <node ref="J6" pin="120"/>
    </net>
    <net code="105" name="Net-(J6-Pad119)">
      <node ref="J6" pin="119"/>
    </net>
    <net code="106" name="Net-(J6-Pad117)">
      <node ref="J6" pin="117"/>
    </net>
    <net code="107" name="Net-(J6-Pad113)">
      <node ref="J6" pin="113"/>
    </net>
    <net code="108" name="Net-(J6-Pad111)">
      <node ref="J6" pin="111"/>
    </net>
    <net code="109" name="Net-(J6-Pad107)">
      <node ref="J6" pin="107"/>
    </net>
    <net code="110" name="Net-(J6-Pad105)">
      <node ref="J6" pin="105"/>
    </net>
    <net code="111" name="Net-(J6-Pad101)">
      <node ref="J6" pin="101"/>
    </net>
    <net code="112" name="Net-(J6-Pad42)">
      <node ref="J6" pin="42"/>
    </net>
    <net code="113" name="Net-(J6-Pad16)">
      <node ref="J6" pin="16"/>
    </net>
    <net code="114" name="Net-(J6-Pad18)">
      <node ref="J6" pin="18"/>
    </net>
    <net code="115" name="Net-(J6-Pad20)">
      <node ref="J6" pin="20"/>
    </net>
    <net code="116" name="Net-(J6-Pad26)">
      <node ref="J6" pin="26"/>
    </net>
    <net code="117" name="Net-(J6-Pad28)">
      <node ref="J6" pin="28"/>
    </net>
    <net code="118" name="Net-(J6-Pad30)">
      <node ref="J6" pin="30"/>
    </net>
    <net code="119" name="Net-(J6-Pad32)">
      <node ref="J6" pin="32"/>
    </net>
    <net code="120" name="Net-(J6-Pad34)">
      <node ref="J6" pin="34"/>
    </net>
    <net code="121" name="Net-(J6-Pad36)">
      <node ref="J6" pin="36"/>
    </net>
    <net code="122" name="Net-(J6-Pad38)">
      <node ref="J6" pin="38"/>
    </net>
    <net code="123" name="Net-(J6-Pad40)">
      <node ref="J6" pin="40"/>
    </net>
    <net code="124" name="Net-(J6-Pad99)">
      <node ref="J6" pin="99"/>
    </net>
    <net code="125" name="Net-(J6-Pad44)">
      <node ref="J6" pin="44"/>
    </net>
    <net code="126" name="Net-(J6-Pad46)">
      <node ref="J6" pin="46"/>
    </net>
    <net code="127" name="Net-(J6-Pad50)">
      <node ref="J6" pin="50"/>
    </net>
    <net code="128" name="Net-(J6-Pad54)">
      <node ref="J6" pin="54"/>
    </net>
    <net code="129" name="Net-(J6-Pad56)">
      <node ref="J6" pin="56"/>
    </net>
    <net code="130" name="Net-(J6-Pad58)">
      <node ref="J6" pin="58"/>
    </net>
    <net code="131" name="Net-(H6-Pad1)">
      <node ref="H6" pin="1"/>
    </net>
    <net code="132" name="Net-(H5-Pad1)">
      <node ref="H5" pin="1"/>
    </net>
    <net code="133" name="Net-(J7-Pad1)">
      <node ref="J7" pin="1"/>
    </net>
    <net code="134" name="Net-(J8-Pad1)">
      <node ref="J8" pin="1"/>
    </net>
  </nets>
</export>
